match_id,team,minute,color,dice,player
1,Mexico,23,yellow,,Brian Gutiérrez
1,South Africa,17,yellow,,Teboho Mokoena
1,South Africa,74,yellow,,Nkosinathi Sibisi
1,South Africa,49,red,2,Sphephelo Sithole
1,South Africa,84,red,6,Themba Zwane
1,Mexico,90+2,red,6,César Montes
2,South Korea,90+6,yellow,,Lee Gi-hyuk
3,Canada,11,yellow,,Alistair Johnston
3,Canada,53,yellow,,Luc de Fougerolles
3,Bosnia & Herzegovina,44,yellow,,Ermedin Demirović
3,Bosnia & Herzegovina,45+1,yellow,,Jovo Lukić
3,Bosnia & Herzegovina,90+3,yellow,,Nikola Katić
4,USA,59,yellow,,Tyler Adams
4,Paraguay,9,yellow,,Juan José Cáceres
4,Paraguay,53,yellow,,Miguel Almirón
4,Paraguay,79,yellow,,Diego Gómez
4,Paraguay,88,yellow,,Álex Arce
4,Paraguay,90+3,yellow,,Júnior Alonso
5,Qatar,13,yellow,,Mahmoud Abunada
5,Qatar,23,yellow,,Jassem Gaber
5,Switzerland,42,yellow,,Denis Zakaria
6,Brazil,37,yellow,,Casemiro
6,Brazil,43,yellow,,Roger Ibañez
7,Haiti,39,yellow,,Jean-Ricner Bellegarde
7,Scotland,46,yellow,,Aaron Hickey
7,Scotland,90+1,yellow,,Findlay Curtis
7,Scotland,90+5,yellow,,Kenny McLean
8,Turkey,86,yellow,,Yunus Akgün
10,Netherlands,61,yellow,,Crysencio Summerville
10,Netherlands,83,yellow,,Memphis Depay
10,Netherlands,90+1,yellow,,Micky van de Ven
11,Ivory Coast,28,yellow,,Seko Fofana
11,Ivory Coast,38,yellow,,Franck Kessié
11,Ivory Coast,40,yellow,,Guéla Doué
11,Ecuador,73,yellow,,Jackson Porozo
12,Tunisia,54,yellow,,Rani Khedira
13,Cape Verde,16,yellow,,Sidny Lopes Cabral
13,Spain,90+3,yellow,,Pedri
14,Belgium,14,yellow,,Timothy Castagne
14,Belgium,75,yellow,,Maxim De Cuyper
14,Egypt,13,yellow,,Marwan Attia
14,Egypt,34,yellow,,Ahmed Fatouh
15,Saudi Arabia,44,yellow,,Abdulelah Al-Amri
16,Iran,89,yellow,,Ehsan Hajsafi
18,Iraq,86,yellow,,Zaid Tahseen
20,Austria,77,yellow,,Marcel Sabitzer
21,Portugal,13,yellow,,Bernardo Silva
21,Portugal,88,yellow,,Nélson Semedo
21,Portugal,90+2,yellow,,Tomás Araújo
21,DR Congo,32,yellow,,Chancel Mbemba
23,Ghana,16,yellow,,Caleb Yirenkyi
23,Panama,72,yellow,,César Blackman
23,Panama,90+9,yellow,,Carlos Harvey
24,Colombia,7,yellow,,Johan Mojica
24,Uzbekistan,34,yellow,,Abdukodir Khusanov
25,Czechia,75,yellow,,Ladislav Krejčí
25,South Africa,33,yellow,,Teboho Mokoena
25,South Africa,40,yellow,,Thalente Mbatha
26,Switzerland,65,yellow,,Nico Elvedi
26,Bosnia & Herzegovina,59,yellow,,Amar Dedić
26,Bosnia & Herzegovina,61,yellow,,Edin Džeko
26,Bosnia & Herzegovina,80,red,6,Tarik Muharemović
27,Canada,9,yellow,,Derek Cornelius
27,Qatar,62,yellow,,Ahmed Fathy
27,Qatar,33,red,3,Homam Ahmed
27,Qatar,53,red,3,Assim Madibo
28,South Korea,3:11,yellow,,Lee Kang-in
28,South Korea,58,yellow,,Paik Seung-ho
29,USA,56,yellow,,Antonee Robinson
29,USA,89,yellow,,Folarin Balogun
29,USA,90+3,yellow,,Chris Richards
29,Australia,16,yellow,,Jordan Bos
29,Australia,32,yellow,,Alessandro Circati
29,Australia,89,yellow,,Jacob Italiano
29,Australia,89,yellow,,Harry Souttar
30,Scotland,65,yellow,,Andy Robertson
30,Morocco,22,yellow,,Issa Diop
31,Brazil,65,yellow,,Douglas Santos
31,Haiti,3:07,yellow,,Carlens Arcus
31,Haiti,45+4,yellow,,Frantzdy Pierrot
31,Haiti,72,yellow,,Danley Jean Jacques
32,Turkey,71,yellow,,Eren Elmalı
32,Paraguay,3:21,yellow,,Matías Galarza
32,Paraguay,45+3,red,4,Miguel Almirón
33,Sweden,53,yellow,,Gabriel Gudmundsson
33,Sweden,75,yellow,,Yasin Ayari
33,Sweden,80,yellow,,Lucas Bergvall
35,Ecuador,38,yellow,,Jordy Alcívar
35,Curaçao,39,yellow,,Leandro Bacuna
35,Curaçao,53,yellow,,Juninho Bacuna
35,Curaçao,56,yellow,,Livano Comenencia
35,Curaçao,75,yellow,,Juriën Gaari
35,Curaçao,90+1,yellow,,Gervane Kastaneer
37,Saudi Arabia,30,yellow,,Salem Al-Dawsari
38,Belgium,3,yellow,,Romelu Lukaku
38,Iran,33,yellow,,Saeid Ezatolahi
38,Belgium,66,red,5,Nathan Ngoy
39,New Zealand,20,yellow,,Sarpreet Singh
39,New Zealand,34,yellow,,Callum McCowatt
39,Egypt,17,yellow,,Mohanad Lasheen
40,Uruguay,20,yellow,,Rodrigo Bentancur
40,Uruguay,58,yellow,,Mathías Olivera
40,Cape Verde,5,yellow,,Sidny Lopes Cabral
40,Cape Verde,90+3,yellow,,Diney
41,Argentina,76,yellow,,Facundo Medina
41,Argentina,90+2,yellow,,Leandro Paredes
41,Austria,41,yellow,,Stefan Posch
41,Austria,76,yellow,,Konrad Laimer
44,Jordan,64,yellow,,Husam Abu Dahab
44,Algeria,44,yellow,,Ramiz Zerrouki
45,Portugal,68,yellow,,Renato Veiga
45,Uzbekistan,14,yellow,,Odiljon Hamrobekov
46,England,41,yellow,,Declan Rice
46,Ghana,60,yellow,,Iñaki Williams
47,Panama,61,yellow,,Yoel Bárcenas
47,Croatia,90+2,yellow,,Petar Sučić
48,Colombia,56,yellow,,Jhon Lucumí
48,Colombia,90+4,yellow,,Jefferson Lerma
48,DR Congo,90+3,yellow,,Charles Pickel
49,Switzerland,32,yellow,,Granit Xhaka
49,Canada,32,yellow,,Cyle Larin
49,Canada,87,yellow,,Liam Millar
50,Qatar,78,yellow,,Ahmed Fathy
50,Bosnia & Herzegovina,82,yellow,,Ermin Mahmić
51,Scotland,89,yellow,,Ryan Christie
51,Brazil,62,yellow,,Danilo
51,Brazil,82,yellow,,Fabinho
52,Haiti,79,yellow,,Johny Placide
52,Haiti,80,yellow,,Duckens Nazon
52,Haiti,90+3,yellow,,Josué Casimir
53,Mexico,63,yellow,,Edson Álvarez
54,South Africa,72,yellow,,Aubrey Modiba
54,South Korea,78,yellow,,Cho Gue-sung
55,Ecuador,43,yellow,,Piero Hincapié
55,Ecuador,50,yellow,,Alan Franco
55,Ecuador,89,yellow,,Gonzalo Plata
55,Germany,44,yellow,,Aleksandar Pavlović
56,Curaçao,75,yellow,,Juninho Bacuna
56,Curaçao,83,yellow,,Gervane Kastaneer
56,Ivory Coast,34,yellow,,Nicolas Pépé
57,Sweden,32,yellow,,Isak Hien
57,Japan,77,yellow,,Shōgo Taniguchi
57,Sweden,84,yellow,,Viktor Gyökeres
59,USA,19,yellow,,Sebastian Berhalter
60,Australia,46,yellow,,Jackson Irvine
60,Paraguay,77,yellow,,Diego Gómez
61,Norway,10,yellow,,Patrick Berg
61,France,74,yellow,,Aurélien Tchouaméni
62,Senegal,18,yellow,,Abdoulaye Seck
62,Senegal,81,yellow,,Pape Gueye
62,Iraq,75,yellow,,Amir Al-Ammari
62,Iraq,90,yellow,,Merchas Doski
62,Iraq,13,red,4,Rebin Sulaka
63,Cape Verde,8,yellow,,Wagner Pina
63,Saudi Arabia,3:08,yellow,,Saud Abdulhamid
63,Saudi Arabia,67,yellow,,Nasser Al-Dawsari
63,Saudi Arabia,90+3,yellow,,Firas Al-Buraikan
64,Uruguay,54,yellow,,Juan Manuel Sanabria
64,Uruguay,58,yellow,,Guillermo Varela
64,Uruguay,90+3,yellow,,Nicolás de la Cruz
64,Spain,46,yellow,,Álex Baena
64,Uruguay,90+4,red,1,Agustín Canobbio
65,Egypt,19,yellow,,Mahmoud Saber
65,Egypt,41,yellow,,Yasser Ibrahim
65,Egypt,90+2,yellow,,Mohanad Lasheen
65,Iran,19,yellow,,Hossein Kanaanizadegan
65,Iran,43,yellow,,Ali Nemati
65,Iran,79,yellow,,Saeid Ezatolahi
65,Iran,90+4,yellow,,Shojae Khalilzadeh
66,New Zealand,46,yellow,,Marko Stamenić
66,New Zealand,56,yellow,,Elijah Just
67,England,60,yellow,,Jarell Quansah
67,Panama,53,yellow,,José Fajardo
67,Panama,83,yellow,,Andrés Andrade
68,Croatia,68,yellow,,Ivan Perišić
68,Ghana,90+4,yellow,,Kojo Peprah Oppong
69,Colombia,86,yellow,,Gustavo Puerta
70,DR Congo,21,yellow,,Noah Sadiki
70,DR Congo,45+4,yellow,,Nathanaël Mbuku
70,Uzbekistan,43,yellow,,Abdukodir Khusanov
70,Uzbekistan,47,yellow,,Sherzod Nasrullaev
71,Austria,11,yellow,,Marko Arnautović
72,Jordan,17,yellow,,Mohannad Abu Taha
72,Jordan,64,yellow,,Yazan Al-Arab
72,Jordan,90+4,yellow,,Mohammad Abu Zrayq
73,Canada,54,yellow,,Nathan Saliba
73,Canada,67,yellow,,Niko Sigur
74,Japan,12,yellow,,Kaishu Sano
74,Brazil,14,yellow,,Carlos Casemiro
74,Japan,45,yellow,,Daichi Kamada
74,Brazil,48,yellow,,Danilo
74,Japan,84,yellow,,Junnosuke Suzuki
75,Germany,106,yellow,,Kai Havertz
75,Germany,115,yellow,,Jamal Musiala
75,Paraguay,117,yellow,,Matías Galarza
75,Paraguay,65,yellow,,Andrés Cubas
75,Paraguay,117,yellow,,Alejandro Manograsso
76,Morocco,47,yellow,,Issa Diop
77,Norway,45+1,yellow,,Antonio Nusa
79,Ecuador,90+3,yellow,,Kendry Páez
79,Ecuador,90+9,yellow,,Moisés Caicedo
79,Ecuador,90+5,red,4,Piero Hincapié
80,England,20,yellow,,Jude Bellingham
81,Senegal,70,yellow,,Lamine Camara
82,Bosnia & Herzegovina,80,yellow,,Stjepan Radeljić
82,USA,64,red,1,Folarin Balogun
82,Bosnia & Herzegovina,80,yellow,,Sergej Barbarez
83,Austria,83,yellow,,Stefan Posch
84,Portugal,17,yellow,,Rúben Dias
84,Croatia,59,yellow,,Luka Modrić
84,Croatia,90+7,yellow,,Ivan Perišić
85,Algeria,36,yellow,,Farès Chaïbi
85,Algeria,72,yellow,,Hicham Boudaoui
86,Egypt,104,yellow,,Haissem Hassan
87,Cape Verde,68,yellow,,Kevin Pina
87,Argentina,115,yellow,,Gonzalo Montiel
88,Colombia,12,yellow,,Jhon Arias
88,Ghana,49,yellow,,Caleb Yirenkyi
88,Ghana,66,yellow,,Fatawu Issahaku
88,Ghana,76,yellow,,Alidu Seidu
88,Colombia,78,yellow,,Richard Ríos
89,Morocco,20,yellow,,Redouane Halhal
89,Canada,40,yellow,,Richie Laryea
89,Morocco,40,yellow,,Achraf Hakimi
89,Canada,43,yellow,,Jonathan David
89,Morocco,45,yellow,,Azzedine Ounahi
89,Morocco,45+5,yellow,,Bilal El Khannouss
89,Canada,49,yellow,,Luc de Fougerolles
89,Canada,67,yellow,,Cyle Larin
90,France,90+7,yellow,,Michael Olise
90,France,19,yellow,,Bradley Barcola
90,France,81,yellow,,Manu Koné
91,Brazil,90+6,yellow,,Neymar Júnior
92,Mexico,90+8,yellow,,Johan Vásquez
92,England,90+8,yellow,,Jordan Henderson
92,England,1,yellow,,Declan Rice
92,England,68,yellow,,Marc Guéhi
92,England,72,yellow,,Nico O'Reilly
92,Mexico,71,yellow,,Jorge Sánchez
92,England,54,red,4,Jarell Quansah
93,Spain,90+8,yellow,,Ferran Torres
93,Portugal,90+3,yellow,,Renato Veiga
93,Portugal,89,yellow,,Bernardo Silva
94,USA,35,yellow,,Weston McKennie
94,USA,69,yellow,,Malik Tillman
95,Egypt,90+8,yellow,,Marawan Attia
95,Egypt,73,yellow,,Haissem Hassan
95,Egypt,90+4,yellow,,Hamdy Fathy
96,Switzerland,59,yellow,,Granit Xhaka
96,Switzerland,59,yellow,,Denis Zakaria
96,Switzerland,105,yellow,,Miro Muheim
96,Colombia,60,yellow,,Luis Suárez
96,Colombia,94,yellow,,Davinson Sánchez
96,Colombia,95,yellow,,Luis Perea
98,Spain,43,yellow,,Pau Cubarsí
98,Spain,90+3,yellow,,Aymeric Laporte
99,Norway,117,yellow,,Kristoffer Ajer
100,Switzerland,45,yellow,,Breel Embolo
100,Switzerland,70,red,6,Breel Embolo
100,Argentina,98,yellow,,Thiago Almada
101,France,8,yellow,,Adrien Rabiot
101,France,86,yellow,,Kylian Mbappé
102,England,37,yellow,,Elliot Anderson
102,Argentina,42,yellow,,Lisandro Martínez
102,Argentina,51,yellow,,Cristian Romero
102,Argentina,73,yellow,,Rodrigo De Paul
98,Belgium,85,yellow,,Kevin De Bruyne
81,Belgium,64,yellow,,Brandon Mechele
98,Belgium,90+5,yellow,,Axel Witsel
100,Argentina,98,yellow,,Lautaro Martínez
100,Argentina,114,yellow,,José Manuel López
70,DR Congo,62,yellow,,Samuel Moutoussamy
80,DR Congo,28,yellow,,Noah Sadiki
95,Egypt,90+3,yellow,,Mostafa Shobeir
86,Egypt,120,yellow,,Yasser Ibrahim
42,Iraq,6,yellow,,Amir Al-Ammari
97,Morocco,63,yellow,,Issa Diop
37,Saudi Arabia,60,yellow,,Mohamed Kanno
101,Spain,31,yellow,,Marc Cucurella
104,Argentina,41,yellow,,Lisandro Martínez
104,Argentina,52,yellow,,Leandro Paredes
104,Argentina,82,yellow,,Enzo Fernández
104,Argentina,90+3,red,6,Enzo Fernández
104,Argentina,111,yellow,,Alexis Mac Allister
