date,kickoff,stage,group,home,away,venue
2026-06-11,20:00 BST,Group,A,Mexico,South Africa,Mexico City
2026-06-12,03:00 BST,Group,A,South Korea,Czechia,Guadalajara (Zapopan)
2026-06-12,20:00 BST,Group,B,Canada,Bosnia & Herzegovina,Toronto
2026-06-13,02:00 BST,Group,D,USA,Paraguay,Los Angeles (Inglewood)
2026-06-13,20:00 BST,Group,B,Qatar,Switzerland,San Francisco Bay Area (Santa Clara)
2026-06-13,23:00 BST,Group,C,Brazil,Morocco,New York/New Jersey (East Rutherford)
2026-06-14,02:00 BST,Group,C,Haiti,Scotland,Boston (Foxborough)
2026-06-14,05:00 BST,Group,D,Australia,Turkey,Vancouver
2026-06-14,18:00 BST,Group,E,Germany,Curaçao,Houston
2026-06-14,21:00 BST,Group,F,Netherlands,Japan,Dallas (Arlington)
2026-06-15,00:00 BST,Group,E,Ivory Coast,Ecuador,Philadelphia
2026-06-15,03:00 BST,Group,F,Sweden,Tunisia,Monterrey (Guadalupe)
2026-06-15,17:00 BST,Group,H,Spain,Cape Verde,Atlanta
2026-06-15,20:00 BST,Group,G,Belgium,Egypt,Seattle
2026-06-15,23:00 BST,Group,H,Saudi Arabia,Uruguay,Miami (Miami Gardens)
2026-06-16,02:00 BST,Group,G,Iran,New Zealand,Los Angeles (Inglewood)
2026-06-16,20:00 BST,Group,I,France,Senegal,New York/New Jersey (East Rutherford)
2026-06-16,23:00 BST,Group,I,Iraq,Norway,Boston (Foxborough)
2026-06-17,02:00 BST,Group,J,Argentina,Algeria,Kansas City
2026-06-17,05:00 BST,Group,J,Austria,Jordan,San Francisco Bay Area (Santa Clara)
2026-06-17,18:00 BST,Group,K,Portugal,DR Congo,Houston
2026-06-17,21:00 BST,Group,L,England,Croatia,Dallas (Arlington)
2026-06-18,00:00 BST,Group,L,Ghana,Panama,Toronto
2026-06-18,03:00 BST,Group,K,Uzbekistan,Colombia,Mexico City
2026-06-18,17:00 BST,Group,A,Czechia,South Africa,Atlanta
2026-06-18,20:00 BST,Group,B,Switzerland,Bosnia & Herzegovina,Los Angeles (Inglewood)
2026-06-18,23:00 BST,Group,B,Canada,Qatar,Vancouver
2026-06-19,02:00 BST,Group,A,Mexico,South Korea,Guadalajara (Zapopan)
2026-06-19,20:00 BST,Group,D,USA,Australia,Seattle
2026-06-19,23:00 BST,Group,C,Scotland,Morocco,Boston (Foxborough)
2026-06-20,04:00 BST,Group,D,Turkey,Paraguay,San Francisco Bay Area (Santa Clara)
2026-06-20,01:30 BST,Group,C,Brazil,Haiti,Philadelphia
2026-06-20,18:00 BST,Group,F,Netherlands,Sweden,Houston
2026-06-20,21:00 BST,Group,E,Germany,Ivory Coast,Toronto
2026-06-21,01:00 BST,Group,E,Ecuador,Curaçao,Kansas City
2026-06-21,05:00 BST,Group,F,Tunisia,Japan,Monterrey (Guadalupe)
2026-06-21,17:00 BST,Group,H,Spain,Saudi Arabia,Atlanta
2026-06-21,20:00 BST,Group,G,Belgium,Iran,Los Angeles (Inglewood)
2026-06-21,23:00 BST,Group,H,Uruguay,Cape Verde,Miami (Miami Gardens)
2026-06-22,02:00 BST,Group,G,New Zealand,Egypt,Vancouver
2026-06-22,18:00 BST,Group,J,Argentina,Austria,Dallas (Arlington)
2026-06-22,22:00 BST,Group,I,France,Iraq,Philadelphia
2026-06-23,01:00 BST,Group,I,Norway,Senegal,New York/New Jersey (East Rutherford)
2026-06-23,04:00 BST,Group,J,Jordan,Algeria,San Francisco Bay Area (Santa Clara)
2026-06-23,18:00 BST,Group,K,Portugal,Uzbekistan,Houston
2026-06-23,21:00 BST,Group,L,England,Ghana,Boston (Foxborough)
2026-06-24,00:00 BST,Group,L,Panama,Croatia,Toronto
2026-06-24,03:00 BST,Group,K,Colombia,DR Congo,Guadalajara (Zapopan)
2026-06-24,20:00 BST,Group,B,Switzerland,Canada,Vancouver
2026-06-24,20:00 BST,Group,B,Bosnia & Herzegovina,Qatar,Seattle
2026-06-24,23:00 BST,Group,C,Scotland,Brazil,Miami (Miami Gardens)
2026-06-24,23:00 BST,Group,C,Morocco,Haiti,Atlanta
2026-06-25,02:00 BST,Group,A,Czechia,Mexico,Mexico City
2026-06-25,02:00 BST,Group,A,South Africa,South Korea,Monterrey (Guadalupe)
2026-06-25,21:00 BST,Group,E,Curaçao,Ivory Coast,Philadelphia
2026-06-25,21:00 BST,Group,E,Ecuador,Germany,New York/New Jersey (East Rutherford)
2026-06-26,00:00 BST,Group,F,Japan,Sweden,Dallas (Arlington)
2026-06-26,00:00 BST,Group,F,Tunisia,Netherlands,Kansas City
2026-06-26,03:00 BST,Group,D,Turkey,USA,Los Angeles (Inglewood)
2026-06-26,03:00 BST,Group,D,Paraguay,Australia,San Francisco Bay Area (Santa Clara)
2026-06-26,20:00 BST,Group,I,Norway,France,Boston (Foxborough)
2026-06-26,20:00 BST,Group,I,Senegal,Iraq,Toronto
2026-06-27,01:00 BST,Group,H,Uruguay,Spain,Guadalajara (Zapopan)
2026-06-27,01:00 BST,Group,H,Cape Verde,Saudi Arabia,Houston
2026-06-27,04:00 BST,Group,G,Egypt,Iran,Seattle
2026-06-27,04:00 BST,Group,G,New Zealand,Belgium,Vancouver
2026-06-27,22:00 BST,Group,L,Panama,England,New York/New Jersey (East Rutherford)
2026-06-27,22:00 BST,Group,L,Croatia,Ghana,Philadelphia
2026-06-28,00:30 BST,Group,K,Colombia,Portugal,Miami (Miami Gardens)
2026-06-28,00:30 BST,Group,K,DR Congo,Uzbekistan,Atlanta
2026-06-28,03:00 BST,Group,J,Algeria,Austria,Kansas City
2026-06-28,03:00 BST,Group,J,Jordan,Argentina,Dallas (Arlington)
2026-06-28,20:00 BST,Round of 32,,South Africa,Canada,Los Angeles (Inglewood)
2026-06-29,18:00 BST,Round of 32,,Brazil,Japan,Houston
2026-06-29,21:30 BST,Round of 32,,Germany,Paraguay,Boston (Foxborough)
2026-06-30,02:00 BST,Round of 32,,Netherlands,Morocco,Monterrey (Guadalupe)
2026-06-30,18:00 BST,Round of 32,,Ivory Coast,Norway,Dallas (Arlington)
2026-06-30,22:00 BST,Round of 32,,France,Sweden,New York/New Jersey (East Rutherford)
2026-07-01,02:00 BST,Round of 32,,Mexico,Ecuador,Mexico City
2026-07-01,17:00 BST,Round of 32,,England,DR Congo,Atlanta
2026-07-01,21:00 BST,Round of 32,,Belgium,Senegal,Seattle
2026-07-02,01:00 BST,Round of 32,,USA,Bosnia & Herzegovina,San Francisco Bay Area (Santa Clara)
2026-07-02,20:00 BST,Round of 32,,Spain,Austria,Los Angeles (Inglewood)
2026-07-03,00:00 BST,Round of 32,,Portugal,Croatia,Toronto
2026-07-03,04:00 BST,Round of 32,,Switzerland,Algeria,Vancouver
2026-07-03,19:00 BST,Round of 32,,Australia,Egypt,Dallas (Arlington)
2026-07-03,23:00 BST,Round of 32,,Argentina,Cape Verde,Miami (Miami Gardens)
2026-07-04,02:30 BST,Round of 32,,Colombia,Ghana,Kansas City
2026-07-04,18:00 BST,Round of 16,,Canada,Morocco,Houston
2026-07-04,22:00 BST,Round of 16,,Paraguay,France,Philadelphia
2026-07-05,21:00 BST,Round of 16,,Brazil,Norway,New York/New Jersey (East Rutherford)
2026-07-06,03:00 BST,Round of 16,,Mexico,England,Mexico City
2026-07-06,21:00 BST,Round of 16,,Portugal,Spain,Dallas (Arlington)
2026-07-07,01:00 BST,Round of 16,,USA,Belgium,Seattle
2026-07-07,17:00 BST,Round of 16,,Argentina,Egypt,Atlanta
2026-07-08,00:00 BST,Round of 16,,Switzerland,Colombia,Vancouver
2026-07-09,21:00 BST,Quarter-final,,Morocco,France,Boston (Foxborough)
2026-07-10,20:00 BST,Quarter-final,,Spain,Belgium,Los Angeles (Inglewood)
2026-07-11,22:00 BST,Quarter-final,,Norway,England,Miami (Miami Gardens)
2026-07-12,02:00 BST,Quarter-final,,Argentina,Switzerland,Kansas City
2026-07-14,20:00 BST,Semi-final,,France,Spain,Dallas (Arlington)
2026-07-15,20:00 BST,Semi-final,,W99,W100,Atlanta
2026-07-18,22:00 BST,3rd place,,L101,L102,Miami (Miami Gardens)
2026-07-19,20:00 BST,Final,,W101,W102,New York/New Jersey (East Rutherford)
